{
    "superEvent": {
        "domain": "Event",
        "range": "Event"
    },
    "subEvent": {
        "domain": "Event",
        "range": "Event"
    },
    "honorificPrefix": {
        "domain": "Person", 
        "range": "None" 
    },
    "givenName": {
        "domain": "Person", 
        "range": "None" 
    },
    "brand": {
        "domain": "Organization", 
        "range": "Brand"  
    },
    "familyName": {
        "domain": "Person", 
        "range": "None" 
    },
    "translator": {
        "domain": "CreativeWork", 
        "range": "Organization" 
    },
    "award": {
        "domain": "CreativeWork",
        "range": "None" 
    },
    "gender": {
        "domain": "Person",
        "range": "None" 
    },
    "affiliation": {
        "domain": "Person",
        "range": "Organization"
    },
    "lyricist": {
        "domain": "CreativeWork",
        "range": "None" 
    },
    "genre": {
        "domain": "CreativeWork",
        "range": "None"
    },
    "isLocatedInSubcellularLocation": {
        "domain": "BioChemEntity",
        "range": "None"
    },
    "hasMolecularFunction": {
        "domain": "BioChemEntity",
        "range": "None"
    },
    "license": {
        "domain": "CreativeWork",
        "range": "CreativeWork"
    },
    "contributor": {
        "domain": "CreativeWork",
        "range": "Organization"
    },
    "contentLocation": {
        "domain": "CreativeWork",
        "range": "Place"
    },
    "sponsor": {
        "domain": "SportsEvent",
        "range": "None"
    },
    "foundingLocation": {
        "domain": "Organization",
        "range": "Place"
    },
    "taxonRank": {
        "domain": "Taxon",
        "range": "None"
    },
    "parent": {
        "domain": "Person",
        "range": "Person"
    },
    "countryOfOrigin": {
        "domain": "Movie",
        "range": "Country"
    },
    "spouse": {
        "domain": "Person",
        "range": "Person"
    },
    "isInvolvedInBiologicalProcess": {
        "domain": "BioChemEntity",
        "range": "None"
    },
    "composer": {
        "domain": "Event",
        "range": "MusicGroup"
    },
    "provider": {
        "domain": "CreativeWork",
        "range": "Organization"
    },
    "relevantSpecialty": {
        "domain": "MedicalEntity",
        "range": "MedicalSpecialty"
    },
    "director": {
        "domain": "Movie",
        "range": "Person"
    },
    "worksFor": {
        "domain": "Person",
        "range": "Person"
    },
    "partOfSeries": {
        "domain": "None",
        "range": "None"
    },
    "encodesBioChemEntity": {
        "domain": "Gene",
        "range": "BioChemEntity"
    },
    "isBasedOn": {
        "domain": "CreativeWork",
        "range": "CreativeWork"
    },
    "containedInPlace": {
        "domain": "Place",
        "range": "Place"
    },
    "about": {
        "domain": "CreativeWork",
        "range": "None"
    },
    "nationality": {
        "domain": "Person",
        "range": "Country"
    },
    "containsPlace": {
        "domain": "Place",
        "range": "Place"
    },
    "exampleOfWork": {
        "domain": "CreativeWork",
        "range": "CreativeWork"
    },
    "publisher": {
        "domain": "CreativeWork",
        "range": "Organization"
    },
    "editor": {
        "domain": "CreativeWork",
        "range": "Person"
    },
    "children": {
        "domain": "Person",
        "range": "Person"
    },
    "creator": {
        "domain": "CreativeWork",
        "range": "Organization"
    },
    "hasPart": {
        "domain": "CreativeWork",
        "range": "CreativeWork"
    },
    "colorist": {
        "domain": "CreativeWork",
        "range": "Person"
    },
    "connectedTo": {
        "domain": "AnatomicalStructure",
        "range": "AnatomicalStructure"
    },
    "citation": {
        "domain": "CreativeWork",
        "range": "CreativeWork"
    },
    "hasOccupation": {
        "domain": "Person",
        "range": "Occupation"
    },
    "founder": {
        "domain": "Organization",
        "range": "Person"
    },
    "parentOrganization": {
        "domain": "Organization",
        "range": "Organization"
    },
    "isPartOf": {
        "domain": "CreativeWork",
        "range": "CreativeWork"
    },
    "productionCompany": {
        "domain": "CreativeWork",
        "range": "Organization"
    },
    "deathPlace": {
        "domain": "Person",
        "range": "Place"
    },
    "owns": {
        "domain": "Person",
        "range": "Product"
    },
    "material": {
        "domain": "CreativeWork",
        "range": "None"
    },
    "alumniOf": {
        "domain": "Person",
        "range": "Organization"
    },
    "producer": {
        "domain": "CreativeWork",
        "range": "Organization"
    },
    "character": {
        "domain": "CreativeWork",
        "range": "Person"
    },
    "byArtist": {
        "domain": "MusicAlbum",
        "range": "MusicGroup"
    },
    "homeLocation": {
        "domain": "Person",
        "range": "Place"
    },
    "parentTaxon": {
        "domain": "Taxon",
        "range": "Taxon"
    },
    "copyrightHolder": {
        "domain": "CreativeWork",
        "range": "Organization"
    },
    "bioChemInteraction": {
        "domain": "BioChemEntity",
        "range": "BioChemEntity"
    },
    "competitor": {
        "domain": "SportsEvent",
        "range": "SportsTeam"
    },
    "operatingSystem": {
        "domain": "SoftwareApplication",
        "range": "SoftwareApplication"
    },
    "isEncodedByBioChemEntity": {
        "domain": "BioChemEntity",
        "range": "Gene"
    },
    "location": {
        "domain": "Event",
        "range": "Place"
    },
    "workExample": {
        "domain": "CreativeWork",
        "range": "CreativeWork"
    },
    "expressedIn": {
        "domain": "Gene",
        "range": "None"
    },
    "birthPlace": {
        "domain": "Person",
        "range": "Place"
    },
    "sport": {
        "domain": "SportsEvent",
        "range": "None"
    },
    "illustrator": {
        "domain": "Book",
        "range": "Person"
    },
    "memberOf": {
        "domain": "Person",
        "range": "Organization"
    },
    "actor": {
        "domain": "Movie",
        "range": "Person"
    },
    "subOrganization": {
        "domain": "Organization",
        "range": "Organization"
    },
    "partOfSeason": {
        "domain": "Episode",
        "range": "CreativeWorkSeason"
    },
    "musicBy": {
        "domain": "Episode",
        "range": "MusicGroup"
    },
    "knowsLanguage": {
        "domain": "Person",
        "range": "Language"
    },
    "inLanguage": {
        "domain": "CreativeWork",
        "range": "Language"
    },
    "signOrSymptom": {
        "domain": "MedicalCondition",
        "range": "MedicalSignOrSymptom"
    },
    "locationCreated": {
        "domain": "CreativeWork",
        "range": "Place"
    },
    "author": {
        "domain": "CreativeWork",
        "range": "Organization"
    }
}