{
    "_also_see": 0,
    "_derivationally_related_form": 1,
    "_has_part": 2,
    "_hypernym": 3,
    "_hyponym": 4,
    "_instance_hypernym": 5,
    "_instance_hyponym": 6,
    "_member_holonym": 7,
    "_member_meronym": 8,
    "_member_of_domain_region": 9,
    "_member_of_domain_topic": 10,
    "_member_of_domain_usage": 11,
    "_part_of": 12,
    "_similar_to": 13,
    "_synset_domain_region_of": 14,
    "_synset_domain_topic_of": 15,
    "_synset_domain_usage_of": 16,
    "_verb_group": 17
}