{
    "about": 0,
    "actor": 1,
    "affiliation": 2,
    "alumniOf": 3,
    "author": 4,
    "award": 5,
    "bioChemInteraction": 6,
    "birthPlace": 7,
    "brand": 8,
    "byArtist": 9,
    "character": 10,
    "children": 11,
    "citation": 12,
    "competitor": 13,
    "composer": 14,
    "containedInPlace": 15,
    "containsPlace": 16,
    "contentLocation": 17,
    "contributor": 18,
    "copyrightHolder": 19,
    "countryOfOrigin": 20,
    "creator": 21,
    "deathPlace": 22,
    "director": 23,
    "editor": 24,
    "exampleOfWork": 25,
    "familyName": 26,
    "founder": 27,
    "foundingLocation": 28,
    "gender": 29,
    "genre": 30,
    "givenName": 31,
    "hasMolecularFunction": 32,
    "hasOccupation": 33,
    "hasPart": 34,
    "homeLocation": 35,
    "honorificPrefix": 36,
    "inLanguage": 37,
    "isBasedOn": 38,
    "isInvolvedInBiologicalProcess": 39,
    "isLocatedInSubcellularLocation": 40,
    "isPartOf": 41,
    "knowsLanguage": 42,
    "license": 43,
    "location": 44,
    "locationCreated": 45,
    "material": 46,
    "memberOf": 47,
    "musicBy": 48,
    "nationality": 49,
    "parent": 50,
    "parentOrganization": 51,
    "parentTaxon": 52,
    "partOfSeason": 53,
    "partOfSeries": 54,
    "producer": 55,
    "productionCompany": 56,
    "publisher": 57,
    "relevantSpecialty": 58,
    "signOrSymptom": 59,
    "sponsor": 60,
    "sport": 61,
    "spouse": 62,
    "subEvent": 63,
    "subOrganization": 64,
    "superEvent": 65,
    "taxonRank": 66,
    "translator": 67,
    "workExample": 68,
    "worksFor": 69
}